{
  "creationTimeStamp": {},
  "modifiedTimeStamp": {},
  "createdBy": {},
  "modifiedBy": {},
  "id": {},
  "name": "dmcas_fitstat",
  "description": {},
  "revision": 0,
  "groupName": {},
  "order": 0,
  "type": {},
  "parameterMap": {
    "_RASE_": {
      "parameter": "_RASE_",
      "type": "num",
      "label": "Root Average Squared Error",
      "length": 8,
      "order": 7,
      "values": "_RASE_",
      "preformatted": false
    },
    "_NObs_": {
      "parameter": "_NObs_",
      "type": "num",
      "label": "Sum of Frequencies",
      "length": 8,
      "order": 4,
      "values": "_NObs_",
      "preformatted": false
    },
    "_GINI_": {
      "parameter": "_GINI_",
      "type": "num",
      "label": "Gini Coefficient",
      "length": 8,
      "order": 12,
      "values": "_GINI_",
      "preformatted": false
    },
    "_GAMMA_": {
      "parameter": "_GAMMA_",
      "type": "num",
      "label": "Gamma",
      "length": 8,
      "order": 13,
      "values": "_GAMMA_",
      "preformatted": false
    },
    "_formattedPartition_": {
      "parameter": "_formattedPartition_",
      "type": "char",
      "label": "Formatted Partition",
      "length": 12,
      "order": 3,
      "values": "_formattedPartition_",
      "preformatted": false
    },
    "_DataRole_": {
      "parameter": "_DataRole_",
      "type": "char",
      "label": "Data Role",
      "length": 10,
      "order": 1,
      "values": "_DataRole_",
      "preformatted": false
    },
    "_MCE_": {
      "parameter": "_MCE_",
      "type": "num",
      "label": "Misclassification Rate",
      "length": 8,
      "order": 8,
      "values": "_MCE_",
      "preformatted": false
    },
    "_ASE_": {
      "parameter": "_ASE_",
      "type": "num",
      "label": "Average Squared Error",
      "length": 8,
      "order": 5,
      "values": "_ASE_",
      "preformatted": false
    },
    "_MCLL_": {
      "parameter": "_MCLL_",
      "type": "num",
      "label": "Multi-Class Log Loss",
      "length": 8,
      "order": 9,
      "values": "_MCLL_",
      "preformatted": false
    },
    "_KS_": {
      "parameter": "_KS_",
      "type": "num",
      "label": "KS (Youden)",
      "length": 8,
      "order": 10,
      "values": "_KS_",
      "preformatted": false
    },
    "_KSPostCutoff_": {
      "parameter": "_KSPostCutoff_",
      "type": "num",
      "label": "ROC Separation",
      "length": 8,
      "order": 16,
      "values": "_KSPostCutoff_",
      "preformatted": false
    },
    "_DIV_": {
      "parameter": "_DIV_",
      "type": "num",
      "label": "Divisor for ASE",
      "length": 8,
      "order": 6,
      "values": "_DIV_",
      "preformatted": false
    },
    "_TAU_": {
      "parameter": "_TAU_",
      "type": "num",
      "label": "Tau",
      "length": 8,
      "order": 14,
      "values": "_TAU_",
      "preformatted": false
    },
    "_KSCut_": {
      "parameter": "_KSCut_",
      "type": "num",
      "label": "KS Cutoff",
      "length": 8,
      "order": 15,
      "values": "_KSCut_",
      "preformatted": false
    },
    "_C_": {
      "parameter": "_C_",
      "type": "num",
      "label": "Area Under ROC",
      "length": 8,
      "order": 11,
      "values": "_C_",
      "preformatted": false
    },
    "_PartInd_": {
      "parameter": "_PartInd_",
      "type": "num",
      "label": "Partition Indicator",
      "length": 8,
      "order": 2,
      "values": "_PartInd_",
      "preformatted": false
    },
    "_TargetName_": {
      "label": "Target Name",
      "length": 10,
      "order": 1,
      "parameter": "_TargetName_",
      "preformatted": false,
      "type": "char",
      "values": "_TargetName_"
    }
  },
  "data": [
    {
      "dataMap": {
        "_formattedPartition_": "           0",
        "_DataRole_": "VALIDATE",
        "_PartInd_": 0
      },
      "rowNumber": 1
    },
    {
      "dataMap": {
        "_RASE_": 0.2054,
        "_NObs_": 4767,
        "_GINI_": 0.9595,
        "_formattedPartition_": "           1",
        "_DataRole_": "TRAIN",
        "_MCE_": 0.0499,
        "_ASE_": 0.0422,
        "_MCLL_": 0.0933,
        "_KS_": 0.8526,
        "_DIV_": 4767,
        "_TAU_": 0.5424,
        "_KSCut_": 0.5,
        "_C_": 0.9797,
        "_PartInd_": 1,
        "_TargetName_": "BAD"
      },
      "rowNumber": 2
    },
    {
      "dataMap": {
        "_RASE_": 0.278,
        "_NObs_": 1193,
        "_GINI_": 0.8623,
        "_formattedPartition_": "           2",
        "_DataRole_": "TEST",
        "_MCE_": 0.1065,
        "_ASE_": 0.0773,
        "_MCLL_": 0.157,
        "_KS_": 0.7304,
        "_DIV_": 1193,
        "_TAU_": 0.4877,
        "_KSCut_": 0.5,
        "_C_": 0.9312,
        "_PartInd_": 2,
        "_TargetName_": "BAD"
      },
      "rowNumber": 3
    }
  ],
  "version": 1,
  "xInteger": false,
  "yInteger": false
}
