{
  "name": "dmcas_lift",
  "revision": 0,
  "order": 0,
  "parameterMap": {
    "_DataRole_": {
      "parameter": "_DataRole_",
      "type": "char",
      "label": "Data Role",
      "length": 10,
      "order": 1,
      "values": "_DataRole_",
      "preformatted": false
    },
    "_PartInd_": {
      "parameter": "_PartInd_",
      "type": "num",
      "label": "Partition Indicator",
      "length": 8,
      "order": 2,
      "values": "_PartInd_",
      "preformatted": false
    },
    "_PartInd__f": {
      "parameter": "_PartInd__f",
      "type": "char",
      "label": "Formatted Partition",
      "length": 12,
      "order": 3,
      "values": "_PartInd__f",
      "preformatted": false
    },
    "_Column_": {
      "parameter": "_Column_",
      "type": "char",
      "label": "Analysis Variable",
      "length": 32,
      "order": 4,
      "values": "_Column_",
      "preformatted": false
    },
    "_Event_": {
      "parameter": "_Event_",
      "type": "char",
      "label": "Event",
      "length": 8,
      "order": 5,
      "values": "_Event_",
      "preformatted": false
    },
    "_Depth_": {
      "parameter": "_Depth_",
      "type": "num",
      "label": "Depth",
      "length": 8,
      "order": 6,
      "values": "_Depth_",
      "preformatted": false
    },
    "_NObs_": {
      "parameter": "_NObs_",
      "type": "num",
      "label": "Sum of Frequencies",
      "length": 8,
      "order": 7,
      "values": "_NObs_",
      "preformatted": false
    },
    "_Gain_": {
      "parameter": "_Gain_",
      "type": "num",
      "label": "Gain",
      "length": 8,
      "order": 8,
      "values": "_Gain_",
      "preformatted": false
    },
    "_Lift_": {
      "parameter": "_Lift_",
      "type": "num",
      "label": "Lift",
      "length": 8,
      "order": 9,
      "values": "_Lift_",
      "preformatted": false
    },
    "_CumLift_": {
      "parameter": "_CumLift_",
      "type": "num",
      "label": "Cumulative Lift",
      "length": 8,
      "order": 10,
      "values": "_CumLift_",
      "preformatted": false
    },
    "_Resp_": {
      "parameter": "_Resp_",
      "type": "num",
      "label": "Captured Response Percentage",
      "length": 8,
      "order": 11,
      "values": "_Resp_",
      "preformatted": false
    },
    "_CumResp_": {
      "parameter": "_CumResp_",
      "type": "num",
      "label": "Cumulative Captured Response Percentage",
      "length": 8,
      "order": 12,
      "values": "_CumResp_",
      "preformatted": false
    },
    "_PctResp_": {
      "parameter": "_PctResp_",
      "type": "num",
      "label": "% Response",
      "length": 8,
      "order": 13,
      "values": "_PctResp_",
      "preformatted": false
    },
    "_CumPctResp_": {
      "parameter": "_CumPctResp_",
      "type": "num",
      "label": "Cumulative % Response",
      "length": 8,
      "order": 14,
      "values": "_CumPctResp_",
      "preformatted": false
    },
    "_TargetName_": {
      "parameter": "_TargetName_",
      "type": "char",
      "label": "Target Name",
      "length": 20,
      "order": 15,
      "values": "_TargetName_",
      "preformatted": false
    }
  },
  "data": [
    {
      "dataMap": {
        "_DataRole_": "TRAIN",
        "_PartInd_": 1,
        "_formattedPartition_": "           1",
        "_Column_": "P_BAD1",
        "_Event_": 1,
        "_Depth_": 5.0136,
        "_NObs_": 239,
        "_Gain_": 239,
        "_Lift_": 5.0126,
        "_CumLift_": 5.0126,
        "_Resp_": 25.1314,
        "_CumResp_": 25.1314,
        "_PctResp_": 100,
        "_CumPctResp_": 100,
        "_TargetName_": "BAD"
      },
      "rowNumber": 1
    },
    {
      "dataMap": {
        "_DataRole_": "TRAIN",
        "_PartInd_": 1,
        "_formattedPartition_": "           1",
        "_Column_": "P_BAD1",
        "_Event_": 1,
        "_Depth_": 10.0063,
        "_NObs_": 238,
        "_Gain_": 237,
        "_Lift_": 4.9916,
        "_CumLift_": 5.0021,
        "_Resp_": 24.9211,
        "_CumResp_": 50.0526,
        "_PctResp_": 99.5798,
        "_CumPctResp_": 99.7904,
        "_TargetName_": "BAD"
      },
      "rowNumber": 2
    },
    {
      "dataMap": {
        "_DataRole_": "TRAIN",
        "_PartInd_": 1,
        "_formattedPartition_": "           1",
        "_Column_": "P_BAD1",
        "_Event_": 1,
        "_Depth_": 14.999,
        "_NObs_": 238,
        "_Gain_": 220,
        "_Lift_": 4.6335,
        "_CumLift_": 4.8794,
        "_Resp_": 23.1335,
        "_CumResp_": 73.1861,
        "_PctResp_": 92.437,
        "_CumPctResp_": 97.3427,
        "_TargetName_": "BAD"
      },
      "rowNumber": 3
    },
    {
      "dataMap": {
        "_DataRole_": "TRAIN",
        "_PartInd_": 1,
        "_formattedPartition_": "           1",
        "_Column_": "P_BAD1",
        "_Event_": 1,
        "_Depth_": 20.0126,
        "_NObs_": 239,
        "_Gain_": 123,
        "_Lift_": 2.5797,
        "_CumLift_": 4.3033,
        "_Resp_": 12.9338,
        "_CumResp_": 86.1199,
        "_PctResp_": 51.4644,
        "_CumPctResp_": 85.8491,
        "_TargetName_": "BAD"
      },
      "rowNumber": 4
    },
    {
      "dataMap": {
        "_DataRole_": "TRAIN",
        "_PartInd_": 1,
        "_formattedPartition_": "           1",
        "_Column_": "P_BAD1",
        "_Event_": 1,
        "_Depth_": 25.0052,
        "_NObs_": 238,
        "_Gain_": 62,
        "_Lift_": 1.3058,
        "_CumLift_": 3.7048,
        "_Resp_": 6.5195,
        "_CumResp_": 92.6393,
        "_PctResp_": 26.0504,
        "_CumPctResp_": 73.9094,
        "_TargetName_": "BAD"
      },
      "rowNumber": 5
    },
    {
      "dataMap": {
        "_DataRole_": "TRAIN",
        "_PartInd_": 1,
        "_formattedPartition_": "           1",
        "_Column_": "P_BAD1",
        "_Event_": 1,
        "_Depth_": 29.9979,
        "_NObs_": 238,
        "_Gain_": 38,
        "_Lift_": 0.8003,
        "_CumLift_": 3.2214,
        "_Resp_": 3.9958,
        "_CumResp_": 96.6351,
        "_PctResp_": 15.9664,
        "_CumPctResp_": 64.2657,
        "_TargetName_": "BAD"
      },
      "rowNumber": 6
    },
    {
      "dataMap": {
        "_DataRole_": "TRAIN",
        "_PartInd_": 1,
        "_formattedPartition_": "           1",
        "_Column_": "P_BAD1",
        "_Event_": 1,
        "_Depth_": 34.9906,
        "_NObs_": 238,
        "_Gain_": 12,
        "_Lift_": 0.2527,
        "_CumLift_": 2.7978,
        "_Resp_": 1.2618,
        "_CumResp_": 97.897,
        "_PctResp_": 5.042,
        "_CumPctResp_": 55.8153,
        "_TargetName_": "BAD"
      },
      "rowNumber": 7
    },
    {
      "dataMap": {
        "_DataRole_": "TRAIN",
        "_PartInd_": 1,
        "_formattedPartition_": "           1",
        "_Column_": "P_BAD1",
        "_Event_": 1,
        "_Depth_": 40.0042,
        "_NObs_": 239,
        "_Gain_": 4,
        "_Lift_": 0.0839,
        "_CumLift_": 2.4577,
        "_Resp_": 0.4206,
        "_CumResp_": 98.3176,
        "_PctResp_": 1.6736,
        "_CumPctResp_": 49.0299,
        "_TargetName_": "BAD"
      },
      "rowNumber": 8
    },
    {
      "dataMap": {
        "_DataRole_": "TRAIN",
        "_PartInd_": 1,
        "_formattedPartition_": "           1",
        "_Column_": "P_BAD1",
        "_Event_": 1,
        "_Depth_": 44.9969,
        "_NObs_": 238,
        "_Gain_": 4,
        "_Lift_": 0.0842,
        "_CumLift_": 2.1943,
        "_Resp_": 0.4206,
        "_CumResp_": 98.7382,
        "_PctResp_": 1.6807,
        "_CumPctResp_": 43.7762,
        "_TargetName_": "BAD"
      },
      "rowNumber": 9
    },
    {
      "dataMap": {
        "_DataRole_": "TRAIN",
        "_PartInd_": 1,
        "_formattedPartition_": "           1",
        "_Column_": "P_BAD1",
        "_Event_": 1,
        "_Depth_": 49.9895,
        "_NObs_": 238,
        "_Gain_": 3,
        "_Lift_": 0.0632,
        "_CumLift_": 1.9815,
        "_Resp_": 0.3155,
        "_CumResp_": 99.0536,
        "_PctResp_": 1.2605,
        "_CumPctResp_": 39.53,
        "_TargetName_": "BAD"
      },
      "rowNumber": 10
    },
    {
      "dataMap": {
        "_DataRole_": "TRAIN",
        "_PartInd_": 1,
        "_formattedPartition_": "           1",
        "_Column_": "P_BAD1",
        "_Event_": 1,
        "_Depth_": 54.8983,
        "_NObs_": 234,
        "_Gain_": 2,
        "_Lift_": 0.0428,
        "_CumLift_": 1.8081,
        "_Resp_": 0.2103,
        "_CumResp_": 99.2639,
        "_PctResp_": 0.8547,
        "_CumPctResp_": 36.0718,
        "_TargetName_": "BAD"
      },
      "rowNumber": 11
    },
    {
      "dataMap": {
        "_DataRole_": "TRAIN",
        "_PartInd_": 1,
        "_formattedPartition_": "           1",
        "_Column_": "P_BAD1",
        "_Event_": 1,
        "_Depth_": 59.9329,
        "_NObs_": 240,
        "_Gain_": 2,
        "_Lift_": 0.0418,
        "_CumLift_": 1.6598,
        "_Resp_": 0.2103,
        "_CumResp_": 99.4742,
        "_PctResp_": 0.8333,
        "_CumPctResp_": 33.1117,
        "_TargetName_": "BAD"
      },
      "rowNumber": 12
    },
    {
      "dataMap": {
        "_DataRole_": "TRAIN",
        "_PartInd_": 1,
        "_formattedPartition_": "           1",
        "_Column_": "P_BAD1",
        "_Event_": 1,
        "_Depth_": 64.9885,
        "_NObs_": 241,
        "_Gain_": 0,
        "_Lift_": 0,
        "_CumLift_": 1.5306,
        "_Resp_": 0,
        "_CumResp_": 99.4742,
        "_PctResp_": 0,
        "_CumPctResp_": 30.5358,
        "_TargetName_": "BAD"
      },
      "rowNumber": 13
    },
    {
      "dataMap": {
        "_DataRole_": "TRAIN",
        "_PartInd_": 1,
        "_formattedPartition_": "           1",
        "_Column_": "P_BAD1",
        "_Event_": 1,
        "_Depth_": 70.0021,
        "_NObs_": 239,
        "_Gain_": 3,
        "_Lift_": 0.0629,
        "_CumLift_": 1.4255,
        "_Resp_": 0.3155,
        "_CumResp_": 99.7897,
        "_PctResp_": 1.2552,
        "_CumPctResp_": 28.4387,
        "_TargetName_": "BAD"
      },
      "rowNumber": 14
    },
    {
      "dataMap": {
        "_DataRole_": "TRAIN",
        "_PartInd_": 1,
        "_formattedPartition_": "           1",
        "_Column_": "P_BAD1",
        "_Event_": 1,
        "_Depth_": 74.9948,
        "_NObs_": 238,
        "_Gain_": 1,
        "_Lift_": 0.0211,
        "_CumLift_": 1.332,
        "_Resp_": 0.1052,
        "_CumResp_": 99.8948,
        "_PctResp_": 0.4202,
        "_CumPctResp_": 26.5734,
        "_TargetName_": "BAD"
      },
      "rowNumber": 15
    },
    {
      "dataMap": {
        "_DataRole_": "TRAIN",
        "_PartInd_": 1,
        "_formattedPartition_": "           1",
        "_Column_": "P_BAD1",
        "_Event_": 1,
        "_Depth_": 79.9874,
        "_NObs_": 238,
        "_Gain_": 1,
        "_Lift_": 0.0211,
        "_CumLift_": 1.2502,
        "_Resp_": 0.1052,
        "_CumResp_": 100,
        "_PctResp_": 0.4202,
        "_CumPctResp_": 24.941,
        "_TargetName_": "BAD"
      },
      "rowNumber": 16
    },
    {
      "dataMap": {
        "_DataRole_": "TRAIN",
        "_PartInd_": 1,
        "_formattedPartition_": "           1",
        "_Column_": "P_BAD1",
        "_Event_": 1,
        "_Depth_": 84.8962,
        "_NObs_": 234,
        "_Gain_": 0,
        "_Lift_": 0,
        "_CumLift_": 1.1779,
        "_Resp_": 0,
        "_CumResp_": 100,
        "_PctResp_": 0,
        "_CumPctResp_": 23.4989,
        "_TargetName_": "BAD"
      },
      "rowNumber": 17
    },
    {
      "dataMap": {
        "_DataRole_": "TRAIN",
        "_PartInd_": 1,
        "_formattedPartition_": "           1",
        "_Column_": "P_BAD1",
        "_Event_": 1,
        "_Depth_": 89.9937,
        "_NObs_": 243,
        "_Gain_": 0,
        "_Lift_": 0,
        "_CumLift_": 1.1112,
        "_Resp_": 0,
        "_CumResp_": 100,
        "_PctResp_": 0,
        "_CumPctResp_": 22.1678,
        "_TargetName_": "BAD"
      },
      "rowNumber": 18
    },
    {
      "dataMap": {
        "_DataRole_": "TRAIN",
        "_PartInd_": 1,
        "_formattedPartition_": "           1",
        "_Column_": "P_BAD1",
        "_Event_": 1,
        "_Depth_": 94.9654,
        "_NObs_": 237,
        "_Gain_": 0,
        "_Lift_": 0,
        "_CumLift_": 1.053,
        "_Resp_": 0,
        "_CumResp_": 100,
        "_PctResp_": 0,
        "_CumPctResp_": 21.0073,
        "_TargetName_": "BAD"
      },
      "rowNumber": 19
    },
    {
      "dataMap": {
        "_DataRole_": "TRAIN",
        "_PartInd_": 1,
        "_formattedPartition_": "           1",
        "_Column_": "P_BAD1",
        "_Event_": 1,
        "_Depth_": 100,
        "_NObs_": 240,
        "_Gain_": 0,
        "_Lift_": 0,
        "_CumLift_": 1,
        "_Resp_": 0,
        "_CumResp_": 100,
        "_PctResp_": 0,
        "_CumPctResp_": 19.9497,
        "_TargetName_": "BAD"
      },
      "rowNumber": 20
    },
    {
      "dataMap": {
        "_DataRole_": "TEST",
        "_PartInd_": 2,
        "_formattedPartition_": "           2",
        "_Column_": "P_BAD1",
        "_Event_": 1,
        "_Depth_": 5.0293,
        "_NObs_": 60,
        "_Gain_": 57,
        "_Lift_": 4.762,
        "_CumLift_": 4.762,
        "_Resp_": 23.9496,
        "_CumResp_": 23.9496,
        "_PctResp_": 95,
        "_CumPctResp_": 95,
        "_TargetName_": "BAD"
      },
      "rowNumber": 21
    },
    {
      "dataMap": {
        "_DataRole_": "TEST",
        "_PartInd_": 2,
        "_formattedPartition_": "           2",
        "_Column_": "P_BAD1",
        "_Event_": 1,
        "_Depth_": 10.0587,
        "_NObs_": 60,
        "_Gain_": 44,
        "_Lift_": 3.6759,
        "_CumLift_": 4.2189,
        "_Resp_": 18.4874,
        "_CumResp_": 42.437,
        "_PctResp_": 73.3333,
        "_CumPctResp_": 84.1667,
        "_TargetName_": "BAD"
      },
      "rowNumber": 22
    },
    {
      "dataMap": {
        "_DataRole_": "TEST",
        "_PartInd_": 2,
        "_formattedPartition_": "           2",
        "_Column_": "P_BAD1",
        "_Event_": 1,
        "_Depth_": 15.0042,
        "_NObs_": 59,
        "_Gain_": 42,
        "_Lift_": 3.5683,
        "_CumLift_": 4.0045,
        "_Resp_": 17.6471,
        "_CumResp_": 60.084,
        "_PctResp_": 71.1864,
        "_CumPctResp_": 79.8883,
        "_TargetName_": "BAD"
      },
      "rowNumber": 23
    },
    {
      "dataMap": {
        "_DataRole_": "TEST",
        "_PartInd_": 2,
        "_formattedPartition_": "           2",
        "_Column_": "P_BAD1",
        "_Event_": 1,
        "_Depth_": 20.0335,
        "_NObs_": 60,
        "_Gain_": 33,
        "_Lift_": 2.7569,
        "_CumLift_": 3.6913,
        "_Resp_": 13.8655,
        "_CumResp_": 73.9496,
        "_PctResp_": 55,
        "_CumPctResp_": 73.6402,
        "_TargetName_": "BAD"
      },
      "rowNumber": 24
    },
    {
      "dataMap": {
        "_DataRole_": "TEST",
        "_PartInd_": 2,
        "_formattedPartition_": "           2",
        "_Column_": "P_BAD1",
        "_Event_": 1,
        "_Depth_": 24.8952,
        "_NObs_": 58,
        "_Gain_": 20,
        "_Lift_": 1.7285,
        "_CumLift_": 3.308,
        "_Resp_": 8.4034,
        "_CumResp_": 82.3529,
        "_PctResp_": 34.4828,
        "_CumPctResp_": 65.9933,
        "_TargetName_": "BAD"
      },
      "rowNumber": 25
    },
    {
      "dataMap": {
        "_DataRole_": "TEST",
        "_PartInd_": 2,
        "_formattedPartition_": "           2",
        "_Column_": "P_BAD1",
        "_Event_": 1,
        "_Depth_": 30.0084,
        "_NObs_": 61,
        "_Gain_": 11,
        "_Lift_": 0.9039,
        "_CumLift_": 2.8983,
        "_Resp_": 4.6218,
        "_CumResp_": 86.9748,
        "_PctResp_": 18.0328,
        "_CumPctResp_": 57.8212,
        "_TargetName_": "BAD"
      },
      "rowNumber": 26
    },
    {
      "dataMap": {
        "_DataRole_": "TEST",
        "_PartInd_": 2,
        "_formattedPartition_": "           2",
        "_Column_": "P_BAD1",
        "_Event_": 1,
        "_Depth_": 35.0377,
        "_NObs_": 60,
        "_Gain_": 8,
        "_Lift_": 0.6683,
        "_CumLift_": 2.5783,
        "_Resp_": 3.3613,
        "_CumResp_": 90.3361,
        "_PctResp_": 13.3333,
        "_CumPctResp_": 51.4354,
        "_TargetName_": "BAD"
      },
      "rowNumber": 27
    },
    {
      "dataMap": {
        "_DataRole_": "TEST",
        "_PartInd_": 2,
        "_formattedPartition_": "           2",
        "_Column_": "P_BAD1",
        "_Event_": 1,
        "_Depth_": 39.9832,
        "_NObs_": 59,
        "_Gain_": 8,
        "_Lift_": 0.6797,
        "_CumLift_": 2.3434,
        "_Resp_": 3.3613,
        "_CumResp_": 93.6975,
        "_PctResp_": 13.5593,
        "_CumPctResp_": 46.7505,
        "_TargetName_": "BAD"
      },
      "rowNumber": 28
    },
    {
      "dataMap": {
        "_DataRole_": "TEST",
        "_PartInd_": 2,
        "_formattedPartition_": "           2",
        "_Column_": "P_BAD1",
        "_Event_": 1,
        "_Depth_": 45.0126,
        "_NObs_": 60,
        "_Gain_": 4,
        "_Lift_": 0.3342,
        "_CumLift_": 2.1189,
        "_Resp_": 1.6807,
        "_CumResp_": 95.3782,
        "_PctResp_": 6.6667,
        "_CumPctResp_": 42.2719,
        "_TargetName_": "BAD"
      },
      "rowNumber": 29
    },
    {
      "dataMap": {
        "_DataRole_": "TEST",
        "_PartInd_": 2,
        "_formattedPartition_": "           2",
        "_Column_": "P_BAD1",
        "_Event_": 1,
        "_Depth_": 49.9581,
        "_NObs_": 59,
        "_Gain_": 2,
        "_Lift_": 0.1699,
        "_CumLift_": 1.926,
        "_Resp_": 0.8403,
        "_CumResp_": 96.2185,
        "_PctResp_": 3.3898,
        "_CumPctResp_": 38.4228,
        "_TargetName_": "BAD"
      },
      "rowNumber": 30
    },
    {
      "dataMap": {
        "_DataRole_": "TEST",
        "_PartInd_": 2,
        "_formattedPartition_": "           2",
        "_Column_": "P_BAD1",
        "_Event_": 1,
        "_Depth_": 54.9874,
        "_NObs_": 60,
        "_Gain_": 4,
        "_Lift_": 0.3342,
        "_CumLift_": 1.7804,
        "_Resp_": 1.6807,
        "_CumResp_": 97.8992,
        "_PctResp_": 6.6667,
        "_CumPctResp_": 35.5183,
        "_TargetName_": "BAD"
      },
      "rowNumber": 31
    },
    {
      "dataMap": {
        "_DataRole_": "TEST",
        "_PartInd_": 2,
        "_formattedPartition_": "           2",
        "_Column_": "P_BAD1",
        "_Event_": 1,
        "_Depth_": 60.0168,
        "_NObs_": 60,
        "_Gain_": 2,
        "_Lift_": 0.1671,
        "_CumLift_": 1.6452,
        "_Resp_": 0.8403,
        "_CumResp_": 98.7395,
        "_PctResp_": 3.3333,
        "_CumPctResp_": 32.8212,
        "_TargetName_": "BAD"
      },
      "rowNumber": 32
    },
    {
      "dataMap": {
        "_DataRole_": "TEST",
        "_PartInd_": 2,
        "_formattedPartition_": "           2",
        "_Column_": "P_BAD1",
        "_Event_": 1,
        "_Depth_": 64.9623,
        "_NObs_": 59,
        "_Gain_": 0,
        "_Lift_": 0,
        "_CumLift_": 1.52,
        "_Resp_": 0,
        "_CumResp_": 98.7395,
        "_PctResp_": 0,
        "_CumPctResp_": 30.3226,
        "_TargetName_": "BAD"
      },
      "rowNumber": 33
    },
    {
      "dataMap": {
        "_DataRole_": "TEST",
        "_PartInd_": 2,
        "_formattedPartition_": "           2",
        "_Column_": "P_BAD1",
        "_Event_": 1,
        "_Depth_": 69.9916,
        "_NObs_": 60,
        "_Gain_": 0,
        "_Lift_": 0,
        "_CumLift_": 1.4107,
        "_Resp_": 0,
        "_CumResp_": 98.7395,
        "_PctResp_": 0,
        "_CumPctResp_": 28.1437,
        "_TargetName_": "BAD"
      },
      "rowNumber": 34
    },
    {
      "dataMap": {
        "_DataRole_": "TEST",
        "_PartInd_": 2,
        "_formattedPartition_": "           2",
        "_Column_": "P_BAD1",
        "_Event_": 1,
        "_Depth_": 74.9371,
        "_NObs_": 59,
        "_Gain_": 1,
        "_Lift_": 0.085,
        "_CumLift_": 1.3232,
        "_Resp_": 0.4202,
        "_CumResp_": 99.1597,
        "_PctResp_": 1.6949,
        "_CumPctResp_": 26.3982,
        "_TargetName_": "BAD"
      },
      "rowNumber": 35
    },
    {
      "dataMap": {
        "_DataRole_": "TEST",
        "_PartInd_": 2,
        "_formattedPartition_": "           2",
        "_Column_": "P_BAD1",
        "_Event_": 1,
        "_Depth_": 79.9665,
        "_NObs_": 60,
        "_Gain_": 1,
        "_Lift_": 0.0835,
        "_CumLift_": 1.2453,
        "_Resp_": 0.4202,
        "_CumResp_": 99.5798,
        "_PctResp_": 1.6667,
        "_CumPctResp_": 24.8428,
        "_TargetName_": "BAD"
      },
      "rowNumber": 36
    },
    {
      "dataMap": {
        "_DataRole_": "TEST",
        "_PartInd_": 2,
        "_formattedPartition_": "           2",
        "_Column_": "P_BAD1",
        "_Event_": 1,
        "_Depth_": 84.7443,
        "_NObs_": 57,
        "_Gain_": 0,
        "_Lift_": 0,
        "_CumLift_": 1.1751,
        "_Resp_": 0,
        "_CumResp_": 99.5798,
        "_PctResp_": 0,
        "_CumPctResp_": 23.4421,
        "_TargetName_": "BAD"
      },
      "rowNumber": 37
    },
    {
      "dataMap": {
        "_DataRole_": "TEST",
        "_PartInd_": 2,
        "_formattedPartition_": "           2",
        "_Column_": "P_BAD1",
        "_Event_": 1,
        "_Depth_": 89.6899,
        "_NObs_": 59,
        "_Gain_": 0,
        "_Lift_": 0,
        "_CumLift_": 1.1103,
        "_Resp_": 0,
        "_CumResp_": 99.5798,
        "_PctResp_": 0,
        "_CumPctResp_": 22.1495,
        "_TargetName_": "BAD"
      },
      "rowNumber": 38
    },
    {
      "dataMap": {
        "_DataRole_": "TEST",
        "_PartInd_": 2,
        "_formattedPartition_": "           2",
        "_Column_": "P_BAD1",
        "_Event_": 1,
        "_Depth_": 94.8868,
        "_NObs_": 62,
        "_Gain_": 1,
        "_Lift_": 0.0808,
        "_CumLift_": 1.0539,
        "_Resp_": 0.4202,
        "_CumResp_": 100,
        "_PctResp_": 1.6129,
        "_CumPctResp_": 21.0247,
        "_TargetName_": "BAD"
      },
      "rowNumber": 39
    },
    {
      "dataMap": {
        "_DataRole_": "TEST",
        "_PartInd_": 2,
        "_formattedPartition_": "           2",
        "_Column_": "P_BAD1",
        "_Event_": 1,
        "_Depth_": 100,
        "_NObs_": 61,
        "_Gain_": 0,
        "_Lift_": 0,
        "_CumLift_": 1,
        "_Resp_": 0,
        "_CumResp_": 100,
        "_PctResp_": 0,
        "_CumPctResp_": 19.9497,
        "_TargetName_": "BAD"
      },
      "rowNumber": 40
    }
  ],
  "version": 1,
  "yInteger": false,
  "xInteger": false
}
