[
  {
    "name": "P_BAD0",
    "length": 8,
    "type": "decimal",
    "level": "interval"
  },
  {
    "name": "P_BAD1",
    "length": 8,
    "type": "decimal",
    "level": "interval"
  },
  {
    "name": "BAD",
    "length": 1,
    "type": "string",
    "level": "nominal"
  },
  {
    "name": "I_BAD",
    "length": 1,
    "type": "string",
    "level": "nominal"
  },
  {
    "name": "EM_EVENTPROBABILITY",
    "length": 8,
    "type": "decimal",
    "level": "interval"
  },
  {
    "name": "EM_PROBABILITY",
    "length": 8,
    "type": "decimal",
    "level": "interval"
  },
  {
    "name": "EM_CLASSIFICATION",
    "length": 1,
    "type": "string",
    "level": "nominal"
  }
]
